{"initial_reset_timestamp": 1639772483.992734, "timestamps": [1639772491.22562, 1639772497.3729699, 1639772499.426406, 1639772501.356268, 1639772502.999548, 1639772503.653311, 1639772504.330085, 1639772505.09442, 1639772522.31878, 1639772522.988666], "episode_lengths": [230, 226, 222, 229, 252, 218, 203, 244, 684, 241], "episode_rewards": [258.0423213127216, 259.21053452773106, 263.13260409135876, 276.34254697068314, 301.7132289544231, 266.0047550565454, 266.2257549694783, 278.1134817942078, 253.04111249822367, 273.29173474789013], "episode_types": ["t", "t", "t", "t", "t", "t", "t", "t", "t", "t"]}